{
    "mean": 23743.566666666666,
    "median": 17473.5,
    "std": 17686.363654930974,
    "min": 2591,
    "max": 60050
}